{"0": 19.862465822295995, "1": 0.4238529502000179, "2": 97.5127955418945, "3": 84.86164887061058, "4": 2.0643267558209346, "5": 0.8057550042198236, "6": 0.8852928442513326, "7": 1.293083558361345, "8": 86.68276143565437, "9": 0.5718462603946566}