{"fhfthf thfth fhfth": 0.4238529502000179,"5": 0.8057550042198236, "6": 0.8852928442513326, "9": 0.5718462603946566, "10": 0.8876537661908364, "13": 0.9295005170117533,"15": 0.4478500736172166, "16": 0.7846516330717529,"21": 0.5878985015731818, "22": 0.5324894260842874,"26": 0.6561110556253549, "34": 0.09505345531501481, "36": 0.07941793554511509, "37": 0.32405505870057355, "40": 0.9867136518617016, "43": 0.9440251030006875, "44": 0.6651075944799403, "50": 0.6982134321731767, "51": 0.3643529233672087, "53": 0.08489436441151514, "58": 0.32150077852518943, "60": 0.8332428802875127,"65": 0.25275311044137505, "73": 0.5817312672602384, "74": 0.8996248648216517, "75": 0.8414072964876257, "76": 0.8299577986210954, "81": 0.18754608716009954, "82": 0.14076550150508144, "83": 0.7248640384988753, "89": 0.6309345202784387, "90": 0.7153571849055972, "93": 0.8095928182367105}